file,style,usage,detail,created_at,id,character_id,classified_file
001_839699b8-ba72-48a8-a5b9-ae330428923b.png,반실사 로맨스 표지풍,웹소설 표지,상세,2026-04-27T16:13:10.552Z,839699b8-ba72-48a8-a5b9-ae330428923b,e2c8a7b9-41b0-478a-b487-7106cb54be8b,output\visual-images-classified-293079cc-e6e2-4c87-926b-ad7a7dd0bf54\06_반실사 로맨스 표지풍\001_839699b8-ba72-48a8-a5b9-ae330428923b.png
002_ae7f0f66-b493-4781-b062-7fe9022056cf.jpg,페인티드 로맨스 표지풍,웹소설 표지,Final,2026-04-27T16:14:02.943Z,ae7f0f66-b493-4781-b062-7fe9022056cf,e2c8a7b9-41b0-478a-b487-7106cb54be8b,output\visual-images-classified-293079cc-e6e2-4c87-926b-ad7a7dd0bf54\09_페인티드 로맨스 표지풍\002_ae7f0f66-b493-4781-b062-7fe9022056cf.jpg
003_1e3e2e95-3309-41a2-ab35-8df39d07b273.png,현대 로맨스 웹툰체,웹소설 표지,GPT,2026-04-27T16:18:12.725Z,1e3e2e95-3309-41a2-ab35-8df39d07b273,e2c8a7b9-41b0-478a-b487-7106cb54be8b,output\visual-images-classified-293079cc-e6e2-4c87-926b-ad7a7dd0bf54\01_현대 로맨스 웹툰체\003_1e3e2e95-3309-41a2-ab35-8df39d07b273.png
004_313cfb56-b126-41d0-b666-303dae66af81.png,순정만화체,프로필 이미지,상세,2026-04-27T16:57:28.733Z,313cfb56-b126-41d0-b666-303dae66af81,43ab439f-4fda-4957-b679-5ba7499212eb,output\visual-images-classified-293079cc-e6e2-4c87-926b-ad7a7dd0bf54\02_순정만화체\004_313cfb56-b126-41d0-b666-303dae66af81.png
005_e1a56371-d044-483e-b0ad-0f2472f93cb8.png,라노벨 애니체,프로필 이미지,상세,2026-04-27T16:58:43.472Z,e1a56371-d044-483e-b0ad-0f2472f93cb8,43ab439f-4fda-4957-b679-5ba7499212eb,output\visual-images-classified-293079cc-e6e2-4c87-926b-ad7a7dd0bf54\03_라노벨 애니체\005_e1a56371-d044-483e-b0ad-0f2472f93cb8.png
006_2f7183a5-5d82-41b3-9b7d-3342c5a3d8e1.jpg,반실사 로맨스 표지풍,프로필 이미지,Final,2026-04-27T17:02:17.252Z,2f7183a5-5d82-41b3-9b7d-3342c5a3d8e1,43ab439f-4fda-4957-b679-5ba7499212eb,output\visual-images-classified-293079cc-e6e2-4c87-926b-ad7a7dd0bf54\06_반실사 로맨스 표지풍\006_2f7183a5-5d82-41b3-9b7d-3342c5a3d8e1.jpg
007_427928b9-6714-4344-9af2-ad0e5ac82f91.jpg,페인티드 로맨스 표지풍,프로필 이미지,Final,2026-04-27T17:03:11.784Z,427928b9-6714-4344-9af2-ad0e5ac82f91,43ab439f-4fda-4957-b679-5ba7499212eb,output\visual-images-classified-293079cc-e6e2-4c87-926b-ad7a7dd0bf54\09_페인티드 로맨스 표지풍\007_427928b9-6714-4344-9af2-ad0e5ac82f91.jpg
008_31e203ee-84f8-44f6-b2ed-551a991d462b.jpg,시네마틱 드라마 포스터,장면 컷,Final,2026-04-27T17:04:06.095Z,31e203ee-84f8-44f6-b2ed-551a991d462b,43ab439f-4fda-4957-b679-5ba7499212eb,output\visual-images-classified-293079cc-e6e2-4c87-926b-ad7a7dd0bf54\94_시네마틱 드라마 포스터\008_31e203ee-84f8-44f6-b2ed-551a991d462b.jpg
009_5b71d060-e903-4b28-af22-93a8f53c5c2e.jpg,에디토리얼 화보,장면 컷,Final,2026-04-27T17:05:00.737Z,5b71d060-e903-4b28-af22-93a8f53c5c2e,43ab439f-4fda-4957-b679-5ba7499212eb,output\visual-images-classified-293079cc-e6e2-4c87-926b-ad7a7dd0bf54\96_에디토리얼 화보\009_5b71d060-e903-4b28-af22-93a8f53c5c2e.jpg
010_c4bda996-b105-4c69-9d75-d7b4ff5a56d6.jpg,에디토리얼 화보,장면 컷,Final,2026-04-27T17:05:31.050Z,c4bda996-b105-4c69-9d75-d7b4ff5a56d6,43ab439f-4fda-4957-b679-5ba7499212eb,output\visual-images-classified-293079cc-e6e2-4c87-926b-ad7a7dd0bf54\96_에디토리얼 화보\010_c4bda996-b105-4c69-9d75-d7b4ff5a56d6.jpg
011_0e292ce4-9083-481b-a714-58e28ae926ff.jpg,느와르 스릴러풍,장면 컷,Final,2026-04-27T17:07:10.458Z,0e292ce4-9083-481b-a714-58e28ae926ff,43ab439f-4fda-4957-b679-5ba7499212eb,output\visual-images-classified-293079cc-e6e2-4c87-926b-ad7a7dd0bf54\90_느와르 스릴러풍\011_0e292ce4-9083-481b-a714-58e28ae926ff.jpg
012_f1fe1399-539f-43e1-97b5-2710a5069fb6.jpg,사극/동양 채색화,장면 컷,Final,2026-04-27T17:07:50.770Z,f1fe1399-539f-43e1-97b5-2710a5069fb6,43ab439f-4fda-4957-b679-5ba7499212eb,output\visual-images-classified-293079cc-e6e2-4c87-926b-ad7a7dd0bf54\93_사극_동양 채색화\012_f1fe1399-539f-43e1-97b5-2710a5069fb6.jpg
013_882af890-eaa1-4be4-9f64-cd5e20bd6bc2.jpg,미니멀 캐릭터 시트,장면 컷,Final,2026-04-27T17:08:58.315Z,882af890-eaa1-4be4-9f64-cd5e20bd6bc2,43ab439f-4fda-4957-b679-5ba7499212eb,output\visual-images-classified-293079cc-e6e2-4c87-926b-ad7a7dd0bf54\92_미니멀 캐릭터 시트\013_882af890-eaa1-4be4-9f64-cd5e20bd6bc2.jpg
014_21c0d228-1691-4a98-8e95-807210d6559e.jpg,로판 웹툰체,장면 컷,Final,2026-04-27T17:10:07.167Z,21c0d228-1691-4a98-8e95-807210d6559e,e2c8a7b9-41b0-478a-b487-7106cb54be8b,output\visual-images-classified-293079cc-e6e2-4c87-926b-ad7a7dd0bf54\91_로판 웹툰체\014_21c0d228-1691-4a98-8e95-807210d6559e.jpg
015_bdad4bba-0ef8-4642-9ee3-896af358dc40.jpg,순정만화체,장면 컷,Final,2026-04-27T17:11:21.173Z,bdad4bba-0ef8-4642-9ee3-896af358dc40,e2c8a7b9-41b0-478a-b487-7106cb54be8b,output\visual-images-classified-293079cc-e6e2-4c87-926b-ad7a7dd0bf54\02_순정만화체\015_bdad4bba-0ef8-4642-9ee3-896af358dc40.jpg
016_1ee77d95-bb1e-4277-8c73-21cb847ea911.jpg,라노벨 애니체,장면 컷,Final,2026-04-27T17:12:45.469Z,1ee77d95-bb1e-4277-8c73-21cb847ea911,e2c8a7b9-41b0-478a-b487-7106cb54be8b,output\visual-images-classified-293079cc-e6e2-4c87-926b-ad7a7dd0bf54\03_라노벨 애니체\016_1ee77d95-bb1e-4277-8c73-21cb847ea911.jpg
017_abdaafdd-279c-4bfe-901e-c78a2942b0fd.png,현대 로맨스 웹툰체,,,2026-04-27T08:44:21.681Z,abdaafdd-279c-4bfe-901e-c78a2942b0fd,339a320f-afcf-4a8b-ae14-0b7b50cfa1af,output\visual-images-classified-293079cc-e6e2-4c87-926b-ad7a7dd0bf54\01_현대 로맨스 웹툰체\017_abdaafdd-279c-4bfe-901e-c78a2942b0fd.png
018_40cce260-df14-40ad-b225-cf9438b240b7.jpg,반실사 로맨스 표지풍,웹소설 표지,Final,2026-04-28T00:11:54.380Z,40cce260-df14-40ad-b225-cf9438b240b7,43ab439f-4fda-4957-b679-5ba7499212eb,output\visual-images-classified-293079cc-e6e2-4c87-926b-ad7a7dd0bf54\06_반실사 로맨스 표지풍\018_40cce260-df14-40ad-b225-cf9438b240b7.jpg
019_3d652fac-eccd-4d07-bdcb-3bd9fa871632.png,순정만화체,장면 컷,상세,2026-04-28T05:06:18.528Z,3d652fac-eccd-4d07-bdcb-3bd9fa871632,43ab439f-4fda-4957-b679-5ba7499212eb,output\visual-images-classified-293079cc-e6e2-4c87-926b-ad7a7dd0bf54\02_순정만화체\019_3d652fac-eccd-4d07-bdcb-3bd9fa871632.png
020_5f5104b3-dc97-454a-8326-b70f52818488.png,페인티드 로맨스 표지풍,장면 컷,상세,2026-04-28T05:06:54.214Z,5f5104b3-dc97-454a-8326-b70f52818488,43ab439f-4fda-4957-b679-5ba7499212eb,output\visual-images-classified-293079cc-e6e2-4c87-926b-ad7a7dd0bf54\09_페인티드 로맨스 표지풍\020_5f5104b3-dc97-454a-8326-b70f52818488.png
021_cd7aaadf-c7e5-4112-9f9b-5e7100f2e60e.png,반실사 로맨스 표지풍,장면 컷,상세,2026-04-28T05:10:02.560Z,cd7aaadf-c7e5-4112-9f9b-5e7100f2e60e,43ab439f-4fda-4957-b679-5ba7499212eb,output\visual-images-classified-293079cc-e6e2-4c87-926b-ad7a7dd0bf54\06_반실사 로맨스 표지풍\021_cd7aaadf-c7e5-4112-9f9b-5e7100f2e60e.png
022_b308d54c-3a97-4b78-80f1-b962a2d06e71.jpg,클린 반실사 프로필풍,웹소설 표지,Final,2026-04-28T05:35:41.704Z,b308d54c-3a97-4b78-80f1-b962a2d06e71,43ab439f-4fda-4957-b679-5ba7499212eb,output\visual-images-classified-293079cc-e6e2-4c87-926b-ad7a7dd0bf54\97_클린 반실사 프로필풍\022_b308d54c-3a97-4b78-80f1-b962a2d06e71.jpg
023_73ba0bd1-1ffc-4715-a994-fda4f8992efa.png,클린 반실사 프로필풍,웹소설 표지,보통,2026-04-28T06:05:27.089Z,73ba0bd1-1ffc-4715-a994-fda4f8992efa,43ab439f-4fda-4957-b679-5ba7499212eb,output\visual-images-classified-293079cc-e6e2-4c87-926b-ad7a7dd0bf54\97_클린 반실사 프로필풍\023_73ba0bd1-1ffc-4715-a994-fda4f8992efa.png
024_59567119-8adf-41aa-b49a-f1d0bfa8447b.jpg,클린 반실사 프로필풍,장면 컷,Final,2026-04-28T06:06:35.995Z,59567119-8adf-41aa-b49a-f1d0bfa8447b,43ab439f-4fda-4957-b679-5ba7499212eb,output\visual-images-classified-293079cc-e6e2-4c87-926b-ad7a7dd0bf54\97_클린 반실사 프로필풍\024_59567119-8adf-41aa-b49a-f1d0bfa8447b.jpg
025_0e3b64d3-f3e7-4a63-ac10-522d8ac230ee.jpg,클린 반실사 프로필풍,장면 컷,Final,2026-04-28T06:13:51.908Z,0e3b64d3-f3e7-4a63-ac10-522d8ac230ee,43ab439f-4fda-4957-b679-5ba7499212eb,output\visual-images-classified-293079cc-e6e2-4c87-926b-ad7a7dd0bf54\97_클린 반실사 프로필풍\025_0e3b64d3-f3e7-4a63-ac10-522d8ac230ee.jpg
026_c66b419f-76ad-4fac-bdea-0d5617c8fa81.jpg,클린 반실사 프로필풍,프로필 이미지,Final,2026-04-28T06:18:54.351Z,c66b419f-76ad-4fac-bdea-0d5617c8fa81,e2c8a7b9-41b0-478a-b487-7106cb54be8b,output\visual-images-classified-293079cc-e6e2-4c87-926b-ad7a7dd0bf54\97_클린 반실사 프로필풍\026_c66b419f-76ad-4fac-bdea-0d5617c8fa81.jpg
027_3b3525a1-c885-469f-9a56-3592f6246093.jpg,프리미엄 반실사 표지풍,캐릭터 단독,Final,2026-04-28T06:20:07.896Z,3b3525a1-c885-469f-9a56-3592f6246093,e2c8a7b9-41b0-478a-b487-7106cb54be8b,output\visual-images-classified-293079cc-e6e2-4c87-926b-ad7a7dd0bf54\07_프리미엄 반실사 표지풍\027_3b3525a1-c885-469f-9a56-3592f6246093.jpg
028_a8e86a6d-f694-47b3-ba36-b5b76394cc5f.jpg,다크 반실사 로맨스 표지풍,캐릭터 단독,Final,2026-04-28T06:21:10.545Z,a8e86a6d-f694-47b3-ba36-b5b76394cc5f,e2c8a7b9-41b0-478a-b487-7106cb54be8b,output\visual-images-classified-293079cc-e6e2-4c87-926b-ad7a7dd0bf54\10_다크 반실사 로맨스 표지풍\028_a8e86a6d-f694-47b3-ba36-b5b76394cc5f.jpg
029_29666adc-96f1-4340-8e9d-fad10625f6d5.jpg,다크 반실사 로맨스 표지풍,웹소설 표지,Final,2026-04-28T06:24:11.294Z,29666adc-96f1-4340-8e9d-fad10625f6d5,e2c8a7b9-41b0-478a-b487-7106cb54be8b,output\visual-images-classified-293079cc-e6e2-4c87-926b-ad7a7dd0bf54\10_다크 반실사 로맨스 표지풍\029_29666adc-96f1-4340-8e9d-fad10625f6d5.jpg
030_cc308ec4-b138-45ce-af6b-8492a4c7a3cf.jpg,프리미엄 반실사 표지풍,웹소설 표지,Final,2026-04-28T06:36:00.583Z,cc308ec4-b138-45ce-af6b-8492a4c7a3cf,43ab439f-4fda-4957-b679-5ba7499212eb,output\visual-images-classified-293079cc-e6e2-4c87-926b-ad7a7dd0bf54\07_프리미엄 반실사 표지풍\030_cc308ec4-b138-45ce-af6b-8492a4c7a3cf.jpg
031_478bd8bc-cd26-4e93-bd1d-fa80526c9622.jpg,클린 반실사 프로필풍,웹소설 표지,Final,2026-04-28T06:39:38.472Z,478bd8bc-cd26-4e93-bd1d-fa80526c9622,43ab439f-4fda-4957-b679-5ba7499212eb,output\visual-images-classified-293079cc-e6e2-4c87-926b-ad7a7dd0bf54\97_클린 반실사 프로필풍\031_478bd8bc-cd26-4e93-bd1d-fa80526c9622.jpg
032_8d2acd75-051c-4412-9ee6-1c9760656e93.jpg,클린 반실사 프로필풍,장면 컷,Final,2026-04-28T06:58:27.066Z,8d2acd75-051c-4412-9ee6-1c9760656e93,43ab439f-4fda-4957-b679-5ba7499212eb,output\visual-images-classified-293079cc-e6e2-4c87-926b-ad7a7dd0bf54\97_클린 반실사 프로필풍\032_8d2acd75-051c-4412-9ee6-1c9760656e93.jpg
033_84f06824-c3c3-4458-b446-1c37f74bf271.jpg,다크 반실사 로맨스 표지풍,장면 컷,Final,2026-04-28T07:14:42.991Z,84f06824-c3c3-4458-b446-1c37f74bf271,43ab439f-4fda-4957-b679-5ba7499212eb,output\visual-images-classified-293079cc-e6e2-4c87-926b-ad7a7dd0bf54\10_다크 반실사 로맨스 표지풍\033_84f06824-c3c3-4458-b446-1c37f74bf271.jpg
034_c1231d32-5323-4816-b3c3-4c20de9f64cd.png,현대 로맨스 웹툰체,,,2026-04-27T08:44:57.405Z,c1231d32-5323-4816-b3c3-4c20de9f64cd,43ab439f-4fda-4957-b679-5ba7499212eb,output\visual-images-classified-293079cc-e6e2-4c87-926b-ad7a7dd0bf54\01_현대 로맨스 웹툰체\034_c1231d32-5323-4816-b3c3-4c20de9f64cd.png
035_ce0e76d4-0429-46f3-9329-d328b1005eb0.jpg,다크 반실사 로맨스 표지풍,웹소설 표지,Final,2026-04-28T07:34:01.789Z,ce0e76d4-0429-46f3-9329-d328b1005eb0,e2c8a7b9-41b0-478a-b487-7106cb54be8b,output\visual-images-classified-293079cc-e6e2-4c87-926b-ad7a7dd0bf54\10_다크 반실사 로맨스 표지풍\035_ce0e76d4-0429-46f3-9329-d328b1005eb0.jpg
036_cefbdf91-5946-401c-8280-6aa1d0e9d484.jpg,클린 반실사 페인티드풍,웹소설 표지,Final,2026-04-28T07:35:09.943Z,cefbdf91-5946-401c-8280-6aa1d0e9d484,e2c8a7b9-41b0-478a-b487-7106cb54be8b,output\visual-images-classified-293079cc-e6e2-4c87-926b-ad7a7dd0bf54\08_클린 반실사 페인티드풍\036_cefbdf91-5946-401c-8280-6aa1d0e9d484.jpg
037_a89c40c1-42e3-40a1-94a0-28d4cc45a6b6.jpg,프리미엄 반실사 표지풍,웹소설 표지,Final,2026-04-28T07:42:01.196Z,a89c40c1-42e3-40a1-94a0-28d4cc45a6b6,e2c8a7b9-41b0-478a-b487-7106cb54be8b,output\visual-images-classified-293079cc-e6e2-4c87-926b-ad7a7dd0bf54\07_프리미엄 반실사 표지풍\037_a89c40c1-42e3-40a1-94a0-28d4cc45a6b6.jpg
038_8ba31b52-1e2a-4c2c-8c92-96b2ba71a477.png,페인티드 로맨스 표지풍,프로필 이미지,보통,2026-04-28T07:52:47.890Z,8ba31b52-1e2a-4c2c-8c92-96b2ba71a477,43ab439f-4fda-4957-b679-5ba7499212eb,output\visual-images-classified-293079cc-e6e2-4c87-926b-ad7a7dd0bf54\09_페인티드 로맨스 표지풍\038_8ba31b52-1e2a-4c2c-8c92-96b2ba71a477.png
039_2fbd8907-56b1-481a-8dd0-8a5f741d587e.jpg,클린 반실사 페인티드풍,웹소설 표지,Final,2026-04-28T07:54:57.418Z,2fbd8907-56b1-481a-8dd0-8a5f741d587e,43ab439f-4fda-4957-b679-5ba7499212eb,output\visual-images-classified-293079cc-e6e2-4c87-926b-ad7a7dd0bf54\08_클린 반실사 페인티드풍\039_2fbd8907-56b1-481a-8dd0-8a5f741d587e.jpg
040_cd2023ed-2269-43dc-a833-858868a2407b.jpg,여성향 게임풍,캐릭터 라인업,Final,2026-04-28T08:07:24.031Z,cd2023ed-2269-43dc-a833-858868a2407b,e2c8a7b9-41b0-478a-b487-7106cb54be8b,output\visual-images-classified-293079cc-e6e2-4c87-926b-ad7a7dd0bf54\05_여성향 게임풍\040_cd2023ed-2269-43dc-a833-858868a2407b.jpg
041_faa159e3-6150-4aa5-a728-251c02231e8d.jpg,여성향 게임풍,캐릭터 단독,Final,2026-04-28T08:11:43.202Z,faa159e3-6150-4aa5-a728-251c02231e8d,e2c8a7b9-41b0-478a-b487-7106cb54be8b,output\visual-images-classified-293079cc-e6e2-4c87-926b-ad7a7dd0bf54\05_여성향 게임풍\041_faa159e3-6150-4aa5-a728-251c02231e8d.jpg
042_a867c8af-2f70-4f2f-9b6e-e26ab11f5f40.jpg,다크 반실사 로맨스 표지풍,웹소설 표지,Final,2026-04-28T09:02:38.082Z,a867c8af-2f70-4f2f-9b6e-e26ab11f5f40,339a320f-afcf-4a8b-ae14-0b7b50cfa1af,output\visual-images-classified-293079cc-e6e2-4c87-926b-ad7a7dd0bf54\10_다크 반실사 로맨스 표지풍\042_a867c8af-2f70-4f2f-9b6e-e26ab11f5f40.jpg
043_5ddd9790-1151-46ee-aa8c-9f2f8bd2ccf2.jpg,다크 반실사 로맨스 표지풍,웹소설 표지,Final,2026-04-28T09:16:40.473Z,5ddd9790-1151-46ee-aa8c-9f2f8bd2ccf2,339a320f-afcf-4a8b-ae14-0b7b50cfa1af,output\visual-images-classified-293079cc-e6e2-4c87-926b-ad7a7dd0bf54\10_다크 반실사 로맨스 표지풍\043_5ddd9790-1151-46ee-aa8c-9f2f8bd2ccf2.jpg
044_b8bfc64f-c7d7-4845-8c64-a5e63f9bfccb.jpg,프리미엄 반실사 표지풍,장면 컷,Final,2026-04-28T09:17:48.172Z,b8bfc64f-c7d7-4845-8c64-a5e63f9bfccb,339a320f-afcf-4a8b-ae14-0b7b50cfa1af,output\visual-images-classified-293079cc-e6e2-4c87-926b-ad7a7dd0bf54\07_프리미엄 반실사 표지풍\044_b8bfc64f-c7d7-4845-8c64-a5e63f9bfccb.jpg
045_8e9dc380-420e-4b48-baba-d8d09e32a9db.jpg,프리미엄 반실사 표지풍,장면 컷,Final,2026-04-28T10:39:31.606Z,8e9dc380-420e-4b48-baba-d8d09e32a9db,43ab439f-4fda-4957-b679-5ba7499212eb,output\visual-images-classified-293079cc-e6e2-4c87-926b-ad7a7dd0bf54\07_프리미엄 반실사 표지풍\045_8e9dc380-420e-4b48-baba-d8d09e32a9db.jpg
046_20b9fd58-ae19-41f3-926d-43e420583994.jpg,프리미엄 반실사 표지풍,웹소설 표지,Final,2026-04-28T11:08:22.832Z,20b9fd58-ae19-41f3-926d-43e420583994,43ab439f-4fda-4957-b679-5ba7499212eb,output\visual-images-classified-293079cc-e6e2-4c87-926b-ad7a7dd0bf54\07_프리미엄 반실사 표지풍\046_20b9fd58-ae19-41f3-926d-43e420583994.jpg
047_9acc672e-098d-4fad-b7e4-658d99cd1014.jpg,클린 반실사 페인티드풍,웹소설 표지,Final,2026-04-28T11:09:40.208Z,9acc672e-098d-4fad-b7e4-658d99cd1014,43ab439f-4fda-4957-b679-5ba7499212eb,output\visual-images-classified-293079cc-e6e2-4c87-926b-ad7a7dd0bf54\08_클린 반실사 페인티드풍\047_9acc672e-098d-4fad-b7e4-658d99cd1014.jpg
048_9d93e86c-2e4e-41cc-9c5e-6f102b1188b8.jpg,클린 반실사 페인티드풍,프로필 이미지,Final,2026-04-28T11:14:40.896Z,9d93e86c-2e4e-41cc-9c5e-6f102b1188b8,43ab439f-4fda-4957-b679-5ba7499212eb,output\visual-images-classified-293079cc-e6e2-4c87-926b-ad7a7dd0bf54\08_클린 반실사 페인티드풍\048_9d93e86c-2e4e-41cc-9c5e-6f102b1188b8.jpg
049_2994b1b9-d250-44c5-831d-e1fe883b29e4.jpg,클린 반실사 페인티드풍,캐릭터 단독,Final,2026-04-28T11:17:47.210Z,2994b1b9-d250-44c5-831d-e1fe883b29e4,43ab439f-4fda-4957-b679-5ba7499212eb,output\visual-images-classified-293079cc-e6e2-4c87-926b-ad7a7dd0bf54\08_클린 반실사 페인티드풍\049_2994b1b9-d250-44c5-831d-e1fe883b29e4.jpg
050_e2dc446b-4040-4445-969a-8b8c26807216.jpg,클린 반실사 페인티드풍,프로필 이미지,Final,2026-04-28T11:21:23.992Z,e2dc446b-4040-4445-969a-8b8c26807216,43ab439f-4fda-4957-b679-5ba7499212eb,output\visual-images-classified-293079cc-e6e2-4c87-926b-ad7a7dd0bf54\08_클린 반실사 페인티드풍\050_e2dc446b-4040-4445-969a-8b8c26807216.jpg
051_c0a250c8-2a54-4d83-9eae-671267d0d573.png,현대 로맨스 웹툰체,,,2026-04-27T11:34:55.900Z,c0a250c8-2a54-4d83-9eae-671267d0d573,43ab439f-4fda-4957-b679-5ba7499212eb,output\visual-images-classified-293079cc-e6e2-4c87-926b-ad7a7dd0bf54\01_현대 로맨스 웹툰체\051_c0a250c8-2a54-4d83-9eae-671267d0d573.png
052_0d5d3fb2-3b5f-4246-8470-4ac6e04bb261.jpg,반실사 로맨스 표지풍,웹소설 표지,Final,2026-04-28T11:45:35.017Z,0d5d3fb2-3b5f-4246-8470-4ac6e04bb261,43ab439f-4fda-4957-b679-5ba7499212eb,output\visual-images-classified-293079cc-e6e2-4c87-926b-ad7a7dd0bf54\06_반실사 로맨스 표지풍\052_0d5d3fb2-3b5f-4246-8470-4ac6e04bb261.jpg
053_4c20a291-4139-44a3-88fc-dc0daede0385.jpg,프리미엄 반실사 표지풍,웹소설 표지,Final,2026-04-28T11:46:53.014Z,4c20a291-4139-44a3-88fc-dc0daede0385,43ab439f-4fda-4957-b679-5ba7499212eb,output\visual-images-classified-293079cc-e6e2-4c87-926b-ad7a7dd0bf54\07_프리미엄 반실사 표지풍\053_4c20a291-4139-44a3-88fc-dc0daede0385.jpg
054_43c0c4d0-82ed-47d2-b982-0fdf9b44a744.jpg,클린 반실사 페인티드풍,웹소설 표지,Final,2026-04-28T11:47:55.674Z,43c0c4d0-82ed-47d2-b982-0fdf9b44a744,43ab439f-4fda-4957-b679-5ba7499212eb,output\visual-images-classified-293079cc-e6e2-4c87-926b-ad7a7dd0bf54\08_클린 반실사 페인티드풍\054_43c0c4d0-82ed-47d2-b982-0fdf9b44a744.jpg
055_68031670-bccc-4a80-ae9d-c4a19a144dc0.jpg,페인티드 로맨스 표지풍,장면 컷,Final,2026-04-28T11:49:04.187Z,68031670-bccc-4a80-ae9d-c4a19a144dc0,43ab439f-4fda-4957-b679-5ba7499212eb,output\visual-images-classified-293079cc-e6e2-4c87-926b-ad7a7dd0bf54\09_페인티드 로맨스 표지풍\055_68031670-bccc-4a80-ae9d-c4a19a144dc0.jpg
056_f77b961e-2fa3-4da7-a943-e297710b2d80.jpg,다크 반실사 로맨스 표지풍,장면 컷,Final,2026-04-28T11:50:12.739Z,f77b961e-2fa3-4da7-a943-e297710b2d80,43ab439f-4fda-4957-b679-5ba7499212eb,output\visual-images-classified-293079cc-e6e2-4c87-926b-ad7a7dd0bf54\10_다크 반실사 로맨스 표지풍\056_f77b961e-2fa3-4da7-a943-e297710b2d80.jpg
057_f4a4fa8e-c9f6-4b8d-95b3-dd7745b45161.jpg,다크 반실사 로맨스 표지풍,웹소설 표지,Final,2026-04-28T11:51:14.026Z,f4a4fa8e-c9f6-4b8d-95b3-dd7745b45161,43ab439f-4fda-4957-b679-5ba7499212eb,output\visual-images-classified-293079cc-e6e2-4c87-926b-ad7a7dd0bf54\10_다크 반실사 로맨스 표지풍\057_f4a4fa8e-c9f6-4b8d-95b3-dd7745b45161.jpg
058_4aa7eaf2-4fdd-4d58-b823-4b85725732ad.jpg,반실사 로맨스 표지풍,웹소설 표지,Final,2026-04-28T12:48:44.873Z,4aa7eaf2-4fdd-4d58-b823-4b85725732ad,43ab439f-4fda-4957-b679-5ba7499212eb,output\visual-images-classified-293079cc-e6e2-4c87-926b-ad7a7dd0bf54\06_반실사 로맨스 표지풍\058_4aa7eaf2-4fdd-4d58-b823-4b85725732ad.jpg
059_70c8cb8b-8229-4ef3-a087-f7324aecdaf5.jpg,프리미엄 반실사 표지풍,웹소설 표지,Final,2026-04-28T12:50:53.123Z,70c8cb8b-8229-4ef3-a087-f7324aecdaf5,43ab439f-4fda-4957-b679-5ba7499212eb,output\visual-images-classified-293079cc-e6e2-4c87-926b-ad7a7dd0bf54\07_프리미엄 반실사 표지풍\059_70c8cb8b-8229-4ef3-a087-f7324aecdaf5.jpg
060_22ffe10e-b06f-4dcf-b3f4-c6acbd7ab20b.jpg,클린 반실사 페인티드풍,웹소설 표지,Final,2026-04-28T13:12:58.148Z,22ffe10e-b06f-4dcf-b3f4-c6acbd7ab20b,43ab439f-4fda-4957-b679-5ba7499212eb,output\visual-images-classified-293079cc-e6e2-4c87-926b-ad7a7dd0bf54\08_클린 반실사 페인티드풍\060_22ffe10e-b06f-4dcf-b3f4-c6acbd7ab20b.jpg
061_c816e339-40da-4533-b848-7f89b5489018.jpg,페인티드 로맨스 표지풍,프로필 이미지,Final,2026-04-28T13:15:44.569Z,c816e339-40da-4533-b848-7f89b5489018,43ab439f-4fda-4957-b679-5ba7499212eb,output\visual-images-classified-293079cc-e6e2-4c87-926b-ad7a7dd0bf54\09_페인티드 로맨스 표지풍\061_c816e339-40da-4533-b848-7f89b5489018.jpg
062_a6a1a0ef-f076-4cf5-b11b-0af5476a3cf7.jpg,다크 반실사 로맨스 표지풍,웹소설 표지,Final,2026-04-28T13:17:01.291Z,a6a1a0ef-f076-4cf5-b11b-0af5476a3cf7,43ab439f-4fda-4957-b679-5ba7499212eb,output\visual-images-classified-293079cc-e6e2-4c87-926b-ad7a7dd0bf54\10_다크 반실사 로맨스 표지풍\062_a6a1a0ef-f076-4cf5-b11b-0af5476a3cf7.jpg
063_158711a1-eac6-42d3-ae52-eb058c0eb81a.jpg,반실사 로맨스 표지풍,프로필 이미지,Final,2026-04-28T13:22:03.434Z,158711a1-eac6-42d3-ae52-eb058c0eb81a,43ab439f-4fda-4957-b679-5ba7499212eb,output\visual-images-classified-293079cc-e6e2-4c87-926b-ad7a7dd0bf54\06_반실사 로맨스 표지풍\063_158711a1-eac6-42d3-ae52-eb058c0eb81a.jpg
064_4a4a91c7-0990-48a4-b5a7-a8d7d98e42b3.jpg,프리미엄 반실사 표지풍,프로필 이미지,Final,2026-04-28T13:23:55.075Z,4a4a91c7-0990-48a4-b5a7-a8d7d98e42b3,43ab439f-4fda-4957-b679-5ba7499212eb,output\visual-images-classified-293079cc-e6e2-4c87-926b-ad7a7dd0bf54\07_프리미엄 반실사 표지풍\064_4a4a91c7-0990-48a4-b5a7-a8d7d98e42b3.jpg
065_bb19da31-18ce-4a4b-8ca0-39413c4c9e55.jpg,클린 반실사 페인티드풍,장면 컷,Final,2026-04-28T13:25:03.696Z,bb19da31-18ce-4a4b-8ca0-39413c4c9e55,43ab439f-4fda-4957-b679-5ba7499212eb,output\visual-images-classified-293079cc-e6e2-4c87-926b-ad7a7dd0bf54\08_클린 반실사 페인티드풍\065_bb19da31-18ce-4a4b-8ca0-39413c4c9e55.jpg
066_d2c63af8-c6ad-4ac0-87bb-262780ad1c27.jpg,페인티드 로맨스 표지풍,장면 컷,Final,2026-04-28T13:26:41.847Z,d2c63af8-c6ad-4ac0-87bb-262780ad1c27,43ab439f-4fda-4957-b679-5ba7499212eb,output\visual-images-classified-293079cc-e6e2-4c87-926b-ad7a7dd0bf54\09_페인티드 로맨스 표지풍\066_d2c63af8-c6ad-4ac0-87bb-262780ad1c27.jpg
067_90c65654-4594-4fa1-ada4-2485285e7278.jpg,다크 반실사 로맨스 표지풍,장면 컷,Final,2026-04-28T13:27:44.020Z,90c65654-4594-4fa1-ada4-2485285e7278,43ab439f-4fda-4957-b679-5ba7499212eb,output\visual-images-classified-293079cc-e6e2-4c87-926b-ad7a7dd0bf54\10_다크 반실사 로맨스 표지풍\067_90c65654-4594-4fa1-ada4-2485285e7278.jpg
068_7032e821-0004-4a33-9ead-2415a8bf4429.png,현대 로맨스 웹툰체,,,2026-04-27T11:35:20.575Z,7032e821-0004-4a33-9ead-2415a8bf4429,339a320f-afcf-4a8b-ae14-0b7b50cfa1af,output\visual-images-classified-293079cc-e6e2-4c87-926b-ad7a7dd0bf54\01_현대 로맨스 웹툰체\068_7032e821-0004-4a33-9ead-2415a8bf4429.png
069_dc25e682-e928-4bc4-bd1f-e7d2c69b7749.jpg,반실사 로맨스 표지풍,캐릭터 단독,Final,2026-04-28T13:43:15.654Z,dc25e682-e928-4bc4-bd1f-e7d2c69b7749,e2c8a7b9-41b0-478a-b487-7106cb54be8b,output\visual-images-classified-293079cc-e6e2-4c87-926b-ad7a7dd0bf54\06_반실사 로맨스 표지풍\069_dc25e682-e928-4bc4-bd1f-e7d2c69b7749.jpg
070_354daa55-ec46-40d8-95df-558bff0fae33.jpg,프리미엄 반실사 표지풍,프로필 이미지,Final,2026-04-28T13:44:13.066Z,354daa55-ec46-40d8-95df-558bff0fae33,e2c8a7b9-41b0-478a-b487-7106cb54be8b,output\visual-images-classified-293079cc-e6e2-4c87-926b-ad7a7dd0bf54\07_프리미엄 반실사 표지풍\070_354daa55-ec46-40d8-95df-558bff0fae33.jpg
071_d2ac7f6e-b446-40d3-a876-3b38d0c8d07b.jpg,클린 반실사 페인티드풍,장면 컷,Final,2026-04-28T13:45:15.303Z,d2ac7f6e-b446-40d3-a876-3b38d0c8d07b,e2c8a7b9-41b0-478a-b487-7106cb54be8b,output\visual-images-classified-293079cc-e6e2-4c87-926b-ad7a7dd0bf54\08_클린 반실사 페인티드풍\071_d2ac7f6e-b446-40d3-a876-3b38d0c8d07b.jpg
072_06d498d3-8dae-40f2-9a45-d336a135fdc3.jpg,클린 반실사 페인티드풍,프로필 이미지,Final,2026-04-28T13:46:12.167Z,06d498d3-8dae-40f2-9a45-d336a135fdc3,e2c8a7b9-41b0-478a-b487-7106cb54be8b,output\visual-images-classified-293079cc-e6e2-4c87-926b-ad7a7dd0bf54\08_클린 반실사 페인티드풍\072_06d498d3-8dae-40f2-9a45-d336a135fdc3.jpg
073_0b0b899a-0df6-44ab-b4a1-babc6728752e.jpg,페인티드 로맨스 표지풍,웹소설 표지,Final,2026-04-28T13:47:20.012Z,0b0b899a-0df6-44ab-b4a1-babc6728752e,e2c8a7b9-41b0-478a-b487-7106cb54be8b,output\visual-images-classified-293079cc-e6e2-4c87-926b-ad7a7dd0bf54\09_페인티드 로맨스 표지풍\073_0b0b899a-0df6-44ab-b4a1-babc6728752e.jpg
074_19f18f01-31ec-4196-8cb5-1f8c6ad1a914.jpg,다크 반실사 로맨스 표지풍,캐릭터 단독,Final,2026-04-28T13:48:20.770Z,19f18f01-31ec-4196-8cb5-1f8c6ad1a914,e2c8a7b9-41b0-478a-b487-7106cb54be8b,output\visual-images-classified-293079cc-e6e2-4c87-926b-ad7a7dd0bf54\10_다크 반실사 로맨스 표지풍\074_19f18f01-31ec-4196-8cb5-1f8c6ad1a914.jpg
075_7c0e82a8-d894-4c1c-a0a7-e07f6e59bf46.jpg,다크 반실사 로맨스 표지풍,프로필 이미지,Final,2026-04-28T13:49:07.586Z,7c0e82a8-d894-4c1c-a0a7-e07f6e59bf46,e2c8a7b9-41b0-478a-b487-7106cb54be8b,output\visual-images-classified-293079cc-e6e2-4c87-926b-ad7a7dd0bf54\10_다크 반실사 로맨스 표지풍\075_7c0e82a8-d894-4c1c-a0a7-e07f6e59bf46.jpg
076_6b183794-0b73-482d-8125-67af39208d97.jpg,다크 반실사 로맨스 표지풍,장면 컷,Final,2026-04-28T13:50:07.584Z,6b183794-0b73-482d-8125-67af39208d97,e2c8a7b9-41b0-478a-b487-7106cb54be8b,output\visual-images-classified-293079cc-e6e2-4c87-926b-ad7a7dd0bf54\10_다크 반실사 로맨스 표지풍\076_6b183794-0b73-482d-8125-67af39208d97.jpg
077_e8b92efe-ee58-4400-8aae-1799b81c3cf9.jpg,프리미엄 반실사 표지풍,웹소설 표지,Final,2026-04-28T13:52:18.852Z,e8b92efe-ee58-4400-8aae-1799b81c3cf9,e2c8a7b9-41b0-478a-b487-7106cb54be8b,output\visual-images-classified-293079cc-e6e2-4c87-926b-ad7a7dd0bf54\07_프리미엄 반실사 표지풍\077_e8b92efe-ee58-4400-8aae-1799b81c3cf9.jpg
078_d80db90c-d67a-41bf-a42c-8ce0a307d83e.jpg,프리미엄 반실사 표지풍,캐릭터 단독,Final,2026-04-28T13:53:15.496Z,d80db90c-d67a-41bf-a42c-8ce0a307d83e,e2c8a7b9-41b0-478a-b487-7106cb54be8b,output\visual-images-classified-293079cc-e6e2-4c87-926b-ad7a7dd0bf54\07_프리미엄 반실사 표지풍\078_d80db90c-d67a-41bf-a42c-8ce0a307d83e.jpg
079_b66dcf2c-7dad-4bf1-818d-0d077bb3dfa3.png,프리미엄 반실사 표지풍,웹소설 표지,보통,2026-04-29T01:23:36.118Z,b66dcf2c-7dad-4bf1-818d-0d077bb3dfa3,e2c8a7b9-41b0-478a-b487-7106cb54be8b,output\visual-images-classified-293079cc-e6e2-4c87-926b-ad7a7dd0bf54\07_프리미엄 반실사 표지풍\079_b66dcf2c-7dad-4bf1-818d-0d077bb3dfa3.png
080_18886f5b-385c-4228-9e00-a93cbfb56f3b.jpg,프리미엄 반실사 표지풍,웹소설 표지,Final,2026-04-29T01:24:33.622Z,18886f5b-385c-4228-9e00-a93cbfb56f3b,e2c8a7b9-41b0-478a-b487-7106cb54be8b,output\visual-images-classified-293079cc-e6e2-4c87-926b-ad7a7dd0bf54\07_프리미엄 반실사 표지풍\080_18886f5b-385c-4228-9e00-a93cbfb56f3b.jpg
081_554e7068-5deb-4f71-b84d-7372483f19dc.jpg,반실사 로맨스 표지풍,웹소설 표지,Final,2026-04-29T01:25:43.177Z,554e7068-5deb-4f71-b84d-7372483f19dc,e2c8a7b9-41b0-478a-b487-7106cb54be8b,output\visual-images-classified-293079cc-e6e2-4c87-926b-ad7a7dd0bf54\06_반실사 로맨스 표지풍\081_554e7068-5deb-4f71-b84d-7372483f19dc.jpg
082_0be692bd-530b-4797-9d93-1db6e432151b.jpg,클린 반실사 페인티드풍,웹소설 표지,Final,2026-04-29T01:28:42.617Z,0be692bd-530b-4797-9d93-1db6e432151b,e2c8a7b9-41b0-478a-b487-7106cb54be8b,output\visual-images-classified-293079cc-e6e2-4c87-926b-ad7a7dd0bf54\08_클린 반실사 페인티드풍\082_0be692bd-530b-4797-9d93-1db6e432151b.jpg
083_6b6764de-cd59-4bbc-b338-c831aa07e1e6.jpg,프리미엄 반실사 표지풍,캐릭터 단독,Final,2026-04-29T01:37:55.108Z,6b6764de-cd59-4bbc-b338-c831aa07e1e6,43ab439f-4fda-4957-b679-5ba7499212eb,output\visual-images-classified-293079cc-e6e2-4c87-926b-ad7a7dd0bf54\07_프리미엄 반실사 표지풍\083_6b6764de-cd59-4bbc-b338-c831aa07e1e6.jpg
084_0b4b9711-ae8c-4775-9cde-15e90fcf0336.jpg,프리미엄 반실사 표지풍,프로필 이미지,Final,2026-04-29T01:39:02.201Z,0b4b9711-ae8c-4775-9cde-15e90fcf0336,43ab439f-4fda-4957-b679-5ba7499212eb,output\visual-images-classified-293079cc-e6e2-4c87-926b-ad7a7dd0bf54\07_프리미엄 반실사 표지풍\084_0b4b9711-ae8c-4775-9cde-15e90fcf0336.jpg
085_da8e628b-d9c8-402c-9001-891061044dd2.png,현대 로맨스 웹툰체,,,2026-04-27T11:35:40.632Z,da8e628b-d9c8-402c-9001-891061044dd2,339a320f-afcf-4a8b-ae14-0b7b50cfa1af,output\visual-images-classified-293079cc-e6e2-4c87-926b-ad7a7dd0bf54\01_현대 로맨스 웹툰체\085_da8e628b-d9c8-402c-9001-891061044dd2.png
086_51b35b82-200d-4a24-a057-e05f3f8907be.jpg,클린 반실사 페인티드풍,장면 컷,Final,2026-04-29T01:43:11.383Z,51b35b82-200d-4a24-a057-e05f3f8907be,43ab439f-4fda-4957-b679-5ba7499212eb,output\visual-images-classified-293079cc-e6e2-4c87-926b-ad7a7dd0bf54\08_클린 반실사 페인티드풍\086_51b35b82-200d-4a24-a057-e05f3f8907be.jpg
087_f5a03cf8-d3e7-44e6-9ef2-44d409d875fa.jpg,페인티드 로맨스 표지풍,장면 컷,Final,2026-04-29T01:44:03.505Z,f5a03cf8-d3e7-44e6-9ef2-44d409d875fa,43ab439f-4fda-4957-b679-5ba7499212eb,output\visual-images-classified-293079cc-e6e2-4c87-926b-ad7a7dd0bf54\09_페인티드 로맨스 표지풍\087_f5a03cf8-d3e7-44e6-9ef2-44d409d875fa.jpg
088_d9e385b5-b2c6-45b4-9f33-1f94eb070e31.jpg,다크 반실사 로맨스 표지풍,장면 컷,Final,2026-04-29T01:44:54.725Z,d9e385b5-b2c6-45b4-9f33-1f94eb070e31,43ab439f-4fda-4957-b679-5ba7499212eb,output\visual-images-classified-293079cc-e6e2-4c87-926b-ad7a7dd0bf54\10_다크 반실사 로맨스 표지풍\088_d9e385b5-b2c6-45b4-9f33-1f94eb070e31.jpg
089_14ea0475-e2c6-4663-ab0e-e9ecdb916de5.jpg,반실사 로맨스 표지풍,장면 컷,Final,2026-04-29T01:45:46.904Z,14ea0475-e2c6-4663-ab0e-e9ecdb916de5,43ab439f-4fda-4957-b679-5ba7499212eb,output\visual-images-classified-293079cc-e6e2-4c87-926b-ad7a7dd0bf54\06_반실사 로맨스 표지풍\089_14ea0475-e2c6-4663-ab0e-e9ecdb916de5.jpg
090_a278cc77-a15d-4885-b46b-5b9c91b2c51b.jpg,프리미엄 반실사 표지풍,장면 컷,Final,2026-04-29T01:46:48.949Z,a278cc77-a15d-4885-b46b-5b9c91b2c51b,43ab439f-4fda-4957-b679-5ba7499212eb,output\visual-images-classified-293079cc-e6e2-4c87-926b-ad7a7dd0bf54\07_프리미엄 반실사 표지풍\090_a278cc77-a15d-4885-b46b-5b9c91b2c51b.jpg
091_0d1becef-c3b4-434e-b668-5e3650794ebd.jpg,클린 반실사 페인티드풍,장면 컷,Final,2026-04-29T01:47:58.798Z,0d1becef-c3b4-434e-b668-5e3650794ebd,43ab439f-4fda-4957-b679-5ba7499212eb,output\visual-images-classified-293079cc-e6e2-4c87-926b-ad7a7dd0bf54\08_클린 반실사 페인티드풍\091_0d1becef-c3b4-434e-b668-5e3650794ebd.jpg
092_3a54521d-ebc6-45f4-acc8-ea62ce483aac.jpg,페인티드 로맨스 표지풍,장면 컷,Final,2026-04-29T01:48:58.472Z,3a54521d-ebc6-45f4-acc8-ea62ce483aac,43ab439f-4fda-4957-b679-5ba7499212eb,output\visual-images-classified-293079cc-e6e2-4c87-926b-ad7a7dd0bf54\09_페인티드 로맨스 표지풍\092_3a54521d-ebc6-45f4-acc8-ea62ce483aac.jpg
093_1cda8a3f-9f46-431a-923b-0448233c1f1a.jpg,반실사 로맨스 표지풍,캐릭터 단독,Final,2026-04-29T02:02:33.455Z,1cda8a3f-9f46-431a-923b-0448233c1f1a,43ab439f-4fda-4957-b679-5ba7499212eb,output\visual-images-classified-293079cc-e6e2-4c87-926b-ad7a7dd0bf54\06_반실사 로맨스 표지풍\093_1cda8a3f-9f46-431a-923b-0448233c1f1a.jpg
094_061b757f-f96b-49ac-a8f4-bcf47748ae5b.jpg,반실사 로맨스 표지풍,프로필 이미지,Final,2026-04-29T02:04:19.292Z,061b757f-f96b-49ac-a8f4-bcf47748ae5b,43ab439f-4fda-4957-b679-5ba7499212eb,output\visual-images-classified-293079cc-e6e2-4c87-926b-ad7a7dd0bf54\06_반실사 로맨스 표지풍\094_061b757f-f96b-49ac-a8f4-bcf47748ae5b.jpg
095_0c5643e6-59aa-4223-b9e1-a0fffbb8f809.jpg,반실사 로맨스 표지풍,웹소설 표지,Final,2026-04-29T02:05:11.321Z,0c5643e6-59aa-4223-b9e1-a0fffbb8f809,43ab439f-4fda-4957-b679-5ba7499212eb,output\visual-images-classified-293079cc-e6e2-4c87-926b-ad7a7dd0bf54\06_반실사 로맨스 표지풍\095_0c5643e6-59aa-4223-b9e1-a0fffbb8f809.jpg
096_8d21c02b-831c-43bb-b746-cfd956f7a8c4.jpg,반실사 로맨스 표지풍,장면 컷,Final,2026-04-29T02:06:04.141Z,8d21c02b-831c-43bb-b746-cfd956f7a8c4,43ab439f-4fda-4957-b679-5ba7499212eb,output\visual-images-classified-293079cc-e6e2-4c87-926b-ad7a7dd0bf54\06_반실사 로맨스 표지풍\096_8d21c02b-831c-43bb-b746-cfd956f7a8c4.jpg
097_59fb0577-e977-4352-ad59-ae084ea3899b.jpg,반실사 로맨스 표지풍,장면 컷,Final,2026-04-29T02:06:38.857Z,59fb0577-e977-4352-ad59-ae084ea3899b,43ab439f-4fda-4957-b679-5ba7499212eb,output\visual-images-classified-293079cc-e6e2-4c87-926b-ad7a7dd0bf54\06_반실사 로맨스 표지풍\097_59fb0577-e977-4352-ad59-ae084ea3899b.jpg
098_49873246-f10f-4b46-913e-89f5059204ec.jpg,반실사 로맨스 표지풍,장면 컷,Final,2026-04-29T02:07:13.944Z,49873246-f10f-4b46-913e-89f5059204ec,43ab439f-4fda-4957-b679-5ba7499212eb,output\visual-images-classified-293079cc-e6e2-4c87-926b-ad7a7dd0bf54\06_반실사 로맨스 표지풍\098_49873246-f10f-4b46-913e-89f5059204ec.jpg
099_e69cd7a9-d96d-4f06-8007-4d8c315b0b46.jpg,반실사 로맨스 표지풍,캐릭터 단독,Final,2026-04-29T02:14:57.054Z,e69cd7a9-d96d-4f06-8007-4d8c315b0b46,43ab439f-4fda-4957-b679-5ba7499212eb,output\visual-images-classified-293079cc-e6e2-4c87-926b-ad7a7dd0bf54\06_반실사 로맨스 표지풍\099_e69cd7a9-d96d-4f06-8007-4d8c315b0b46.jpg
100_efcbf6e6-581a-49a5-9a77-676f5411237a.jpg,반실사 로맨스 표지풍,전신 설정화,Final,2026-04-29T02:15:59.048Z,efcbf6e6-581a-49a5-9a77-676f5411237a,43ab439f-4fda-4957-b679-5ba7499212eb,output\visual-images-classified-293079cc-e6e2-4c87-926b-ad7a7dd0bf54\06_반실사 로맨스 표지풍\100_efcbf6e6-581a-49a5-9a77-676f5411237a.jpg
101_ad304862-fe73-4bdf-a97f-8063125c2392.jpg,반실사 로맨스 표지풍,프로필 이미지,Final,2026-04-29T02:16:47.499Z,ad304862-fe73-4bdf-a97f-8063125c2392,43ab439f-4fda-4957-b679-5ba7499212eb,output\visual-images-classified-293079cc-e6e2-4c87-926b-ad7a7dd0bf54\06_반실사 로맨스 표지풍\101_ad304862-fe73-4bdf-a97f-8063125c2392.jpg
102_8464002a-48b3-43c0-afa7-0e314277f507.png,실사풍 화보,장면 컷,보통,2026-04-27T13:00:08.998Z,8464002a-48b3-43c0-afa7-0e314277f507,e2c8a7b9-41b0-478a-b487-7106cb54be8b,output\visual-images-classified-293079cc-e6e2-4c87-926b-ad7a7dd0bf54\95_실사풍 화보\102_8464002a-48b3-43c0-afa7-0e314277f507.png
103_94c1762f-bec6-4984-a0ab-95d00ada26c3.jpg,반실사 로맨스 표지풍,웹소설 표지,Final,2026-04-29T02:17:37.116Z,94c1762f-bec6-4984-a0ab-95d00ada26c3,43ab439f-4fda-4957-b679-5ba7499212eb,output\visual-images-classified-293079cc-e6e2-4c87-926b-ad7a7dd0bf54\06_반실사 로맨스 표지풍\103_94c1762f-bec6-4984-a0ab-95d00ada26c3.jpg
104_8cf1a244-3285-4367-b4dd-0deff12fb41c.jpg,프리미엄 반실사 표지풍,웹소설 표지,Final,2026-04-29T02:20:53.036Z,8cf1a244-3285-4367-b4dd-0deff12fb41c,43ab439f-4fda-4957-b679-5ba7499212eb,output\visual-images-classified-293079cc-e6e2-4c87-926b-ad7a7dd0bf54\07_프리미엄 반실사 표지풍\104_8cf1a244-3285-4367-b4dd-0deff12fb41c.jpg
105_dedb80e0-1396-4bed-9a92-484cc7a6c7ad.jpg,클린 반실사 페인티드풍,장면 컷,Final,2026-04-29T02:23:08.018Z,dedb80e0-1396-4bed-9a92-484cc7a6c7ad,43ab439f-4fda-4957-b679-5ba7499212eb,output\visual-images-classified-293079cc-e6e2-4c87-926b-ad7a7dd0bf54\08_클린 반실사 페인티드풍\105_dedb80e0-1396-4bed-9a92-484cc7a6c7ad.jpg
106_b3d6d0a7-ae64-4c1e-a44a-a3a09d0b4292.jpg,페인티드 로맨스 표지풍,장면 컷,Final,2026-04-29T02:23:50.383Z,b3d6d0a7-ae64-4c1e-a44a-a3a09d0b4292,43ab439f-4fda-4957-b679-5ba7499212eb,output\visual-images-classified-293079cc-e6e2-4c87-926b-ad7a7dd0bf54\09_페인티드 로맨스 표지풍\106_b3d6d0a7-ae64-4c1e-a44a-a3a09d0b4292.jpg
107_98bdfc77-392a-4f07-993d-6979eb318c31.jpg,다크 반실사 로맨스 표지풍,웹소설 표지,Final,2026-04-29T02:31:20.785Z,98bdfc77-392a-4f07-993d-6979eb318c31,43ab439f-4fda-4957-b679-5ba7499212eb,output\visual-images-classified-293079cc-e6e2-4c87-926b-ad7a7dd0bf54\10_다크 반실사 로맨스 표지풍\107_98bdfc77-392a-4f07-993d-6979eb318c31.jpg
108_4eaa2a94-635e-4961-ba44-05724dd1cd89.jpg,반실사 로맨스 표지풍,캐릭터 단독,Final,2026-04-29T02:58:51.909Z,4eaa2a94-635e-4961-ba44-05724dd1cd89,43ab439f-4fda-4957-b679-5ba7499212eb,output\visual-images-classified-293079cc-e6e2-4c87-926b-ad7a7dd0bf54\06_반실사 로맨스 표지풍\108_4eaa2a94-635e-4961-ba44-05724dd1cd89.jpg
109_a8ca3593-e3ec-4235-930f-ccfa0473cb77.jpg,반실사 로맨스 표지풍,전신 설정화,Final,2026-04-29T02:59:14.908Z,a8ca3593-e3ec-4235-930f-ccfa0473cb77,43ab439f-4fda-4957-b679-5ba7499212eb,output\visual-images-classified-293079cc-e6e2-4c87-926b-ad7a7dd0bf54\06_반실사 로맨스 표지풍\109_a8ca3593-e3ec-4235-930f-ccfa0473cb77.jpg
110_2d26a5cc-ad27-47f8-a59b-529747485a67.jpg,반실사 로맨스 표지풍,프로필 이미지,Final,2026-04-29T02:59:38.526Z,2d26a5cc-ad27-47f8-a59b-529747485a67,43ab439f-4fda-4957-b679-5ba7499212eb,output\visual-images-classified-293079cc-e6e2-4c87-926b-ad7a7dd0bf54\06_반실사 로맨스 표지풍\110_2d26a5cc-ad27-47f8-a59b-529747485a67.jpg
111_b5b167f2-defd-4ada-8d07-ce7605a560c5.jpg,반실사 로맨스 표지풍,웹소설 표지,Final,2026-04-29T03:00:04.255Z,b5b167f2-defd-4ada-8d07-ce7605a560c5,43ab439f-4fda-4957-b679-5ba7499212eb,output\visual-images-classified-293079cc-e6e2-4c87-926b-ad7a7dd0bf54\06_반실사 로맨스 표지풍\111_b5b167f2-defd-4ada-8d07-ce7605a560c5.jpg
112_9580de2a-1c87-465b-9020-00c59560cbaa.jpg,반실사 로맨스 표지풍,장면 컷,Final,2026-04-29T03:00:30.512Z,9580de2a-1c87-465b-9020-00c59560cbaa,43ab439f-4fda-4957-b679-5ba7499212eb,output\visual-images-classified-293079cc-e6e2-4c87-926b-ad7a7dd0bf54\06_반실사 로맨스 표지풍\112_9580de2a-1c87-465b-9020-00c59560cbaa.jpg
113_397cad38-aea3-42f0-8de2-53608936774a.jpg,현대 로맨스 웹툰체,캐릭터 단독,Final,2026-04-29T03:46:37.401Z,397cad38-aea3-42f0-8de2-53608936774a,e2c8a7b9-41b0-478a-b487-7106cb54be8b,output\visual-images-classified-293079cc-e6e2-4c87-926b-ad7a7dd0bf54\01_현대 로맨스 웹툰체\113_397cad38-aea3-42f0-8de2-53608936774a.jpg
114_67dad5b0-a2a5-4a60-92f0-3bccaef7ee87.jpg,현대 로맨스 웹툰체,전신 설정화,Final,2026-04-29T03:47:20.773Z,67dad5b0-a2a5-4a60-92f0-3bccaef7ee87,e2c8a7b9-41b0-478a-b487-7106cb54be8b,output\visual-images-classified-293079cc-e6e2-4c87-926b-ad7a7dd0bf54\01_현대 로맨스 웹툰체\114_67dad5b0-a2a5-4a60-92f0-3bccaef7ee87.jpg
115_bf150c20-8f36-40db-93d5-58b95dd8f55b.jpg,현대 로맨스 웹툰체,프로필 이미지,Final,2026-04-29T03:48:10.540Z,bf150c20-8f36-40db-93d5-58b95dd8f55b,e2c8a7b9-41b0-478a-b487-7106cb54be8b,output\visual-images-classified-293079cc-e6e2-4c87-926b-ad7a7dd0bf54\01_현대 로맨스 웹툰체\115_bf150c20-8f36-40db-93d5-58b95dd8f55b.jpg
116_3a35deef-08be-4510-9167-136ba46e0d80.jpg,현대 로맨스 웹툰체,웹소설 표지,Final,2026-04-29T03:49:05.687Z,3a35deef-08be-4510-9167-136ba46e0d80,e2c8a7b9-41b0-478a-b487-7106cb54be8b,output\visual-images-classified-293079cc-e6e2-4c87-926b-ad7a7dd0bf54\01_현대 로맨스 웹툰체\116_3a35deef-08be-4510-9167-136ba46e0d80.jpg
117_c6cf8c9e-e8bc-4f99-b4a8-30916f8fec63.jpg,현대 로맨스 웹툰체,장면 컷,Final,2026-04-29T03:49:51.158Z,c6cf8c9e-e8bc-4f99-b4a8-30916f8fec63,e2c8a7b9-41b0-478a-b487-7106cb54be8b,output\visual-images-classified-293079cc-e6e2-4c87-926b-ad7a7dd0bf54\01_현대 로맨스 웹툰체\117_c6cf8c9e-e8bc-4f99-b4a8-30916f8fec63.jpg
118_31b211a5-5267-4fa3-a305-8a23dd9ee4e5.jpg,반실사 로맨스 표지풍,캐릭터 단독,Final,2026-04-29T03:57:17.584Z,31b211a5-5267-4fa3-a305-8a23dd9ee4e5,43ab439f-4fda-4957-b679-5ba7499212eb,output\visual-images-classified-293079cc-e6e2-4c87-926b-ad7a7dd0bf54\06_반실사 로맨스 표지풍\118_31b211a5-5267-4fa3-a305-8a23dd9ee4e5.jpg
119_9b3d0afd-1566-4190-9941-4e5b8c8adced.png,실사풍 화보,장면 컷,상세,2026-04-27T13:40:19.552Z,9b3d0afd-1566-4190-9941-4e5b8c8adced,e2c8a7b9-41b0-478a-b487-7106cb54be8b,output\visual-images-classified-293079cc-e6e2-4c87-926b-ad7a7dd0bf54\95_실사풍 화보\119_9b3d0afd-1566-4190-9941-4e5b8c8adced.png
120_54d7f9a9-904c-495e-b369-b7b688415154.jpg,반실사 로맨스 표지풍,전신 설정화,Final,2026-04-29T03:58:06.025Z,54d7f9a9-904c-495e-b369-b7b688415154,43ab439f-4fda-4957-b679-5ba7499212eb,output\visual-images-classified-293079cc-e6e2-4c87-926b-ad7a7dd0bf54\06_반실사 로맨스 표지풍\120_54d7f9a9-904c-495e-b369-b7b688415154.jpg
121_2669aa81-0029-455d-aa73-f2c88981dce8.jpg,반실사 로맨스 표지풍,프로필 이미지,Final,2026-04-29T03:59:12.804Z,2669aa81-0029-455d-aa73-f2c88981dce8,43ab439f-4fda-4957-b679-5ba7499212eb,output\visual-images-classified-293079cc-e6e2-4c87-926b-ad7a7dd0bf54\06_반실사 로맨스 표지풍\121_2669aa81-0029-455d-aa73-f2c88981dce8.jpg
122_5fbcf4ab-68f8-43cb-8955-1741eb9aa7ad.jpg,반실사 로맨스 표지풍,웹소설 표지,Final,2026-04-29T04:00:09.949Z,5fbcf4ab-68f8-43cb-8955-1741eb9aa7ad,43ab439f-4fda-4957-b679-5ba7499212eb,output\visual-images-classified-293079cc-e6e2-4c87-926b-ad7a7dd0bf54\06_반실사 로맨스 표지풍\122_5fbcf4ab-68f8-43cb-8955-1741eb9aa7ad.jpg
123_3dad5923-11ef-4443-9f38-00e47cc9a2b3.jpg,반실사 로맨스 표지풍,장면 컷,Final,2026-04-29T04:00:53.707Z,3dad5923-11ef-4443-9f38-00e47cc9a2b3,43ab439f-4fda-4957-b679-5ba7499212eb,output\visual-images-classified-293079cc-e6e2-4c87-926b-ad7a7dd0bf54\06_반실사 로맨스 표지풍\123_3dad5923-11ef-4443-9f38-00e47cc9a2b3.jpg
124_15ab7cd9-3699-4509-8f67-d91be9b6624c.jpg,클린 반실사 페인티드풍,캐릭터 단독,Final,2026-04-29T09:11:34.327Z,15ab7cd9-3699-4509-8f67-d91be9b6624c,43ab439f-4fda-4957-b679-5ba7499212eb,output\visual-images-classified-293079cc-e6e2-4c87-926b-ad7a7dd0bf54\08_클린 반실사 페인티드풍\124_15ab7cd9-3699-4509-8f67-d91be9b6624c.jpg
125_b8cb2dc9-8a43-4aa2-b877-408a1eb5e6a1.jpg,클린 반실사 페인티드풍,전신 설정화,Final,2026-04-29T09:12:15.873Z,b8cb2dc9-8a43-4aa2-b877-408a1eb5e6a1,43ab439f-4fda-4957-b679-5ba7499212eb,output\visual-images-classified-293079cc-e6e2-4c87-926b-ad7a7dd0bf54\08_클린 반실사 페인티드풍\125_b8cb2dc9-8a43-4aa2-b877-408a1eb5e6a1.jpg
126_5c5408be-7787-463c-8d59-ec55b7e6f253.jpg,클린 반실사 페인티드풍,프로필 이미지,Final,2026-04-29T09:13:08.705Z,5c5408be-7787-463c-8d59-ec55b7e6f253,43ab439f-4fda-4957-b679-5ba7499212eb,output\visual-images-classified-293079cc-e6e2-4c87-926b-ad7a7dd0bf54\08_클린 반실사 페인티드풍\126_5c5408be-7787-463c-8d59-ec55b7e6f253.jpg
127_cc797b02-ddf7-45e7-af49-c1dbbe736fb4.jpg,클린 반실사 페인티드풍,웹소설 표지,Final,2026-04-29T09:13:56.107Z,cc797b02-ddf7-45e7-af49-c1dbbe736fb4,43ab439f-4fda-4957-b679-5ba7499212eb,output\visual-images-classified-293079cc-e6e2-4c87-926b-ad7a7dd0bf54\08_클린 반실사 페인티드풍\127_cc797b02-ddf7-45e7-af49-c1dbbe736fb4.jpg
128_54b60a89-d262-47f6-80e3-680add14905c.jpg,클린 반실사 페인티드풍,장면 컷,Final,2026-04-29T09:14:40.495Z,54b60a89-d262-47f6-80e3-680add14905c,43ab439f-4fda-4957-b679-5ba7499212eb,output\visual-images-classified-293079cc-e6e2-4c87-926b-ad7a7dd0bf54\08_클린 반실사 페인티드풍\128_54b60a89-d262-47f6-80e3-680add14905c.jpg
129_bb87e3d8-67cf-4df5-a4d9-6cf7bed6f0ac.jpg,페인티드 로맨스 표지풍,캐릭터 단독,Final,2026-04-29T09:21:19.734Z,bb87e3d8-67cf-4df5-a4d9-6cf7bed6f0ac,43ab439f-4fda-4957-b679-5ba7499212eb,output\visual-images-classified-293079cc-e6e2-4c87-926b-ad7a7dd0bf54\09_페인티드 로맨스 표지풍\129_bb87e3d8-67cf-4df5-a4d9-6cf7bed6f0ac.jpg
130_0d4f3e1e-cb64-4178-8835-25eb883e2145.jpg,페인티드 로맨스 표지풍,전신 설정화,Final,2026-04-29T09:22:08.897Z,0d4f3e1e-cb64-4178-8835-25eb883e2145,43ab439f-4fda-4957-b679-5ba7499212eb,output\visual-images-classified-293079cc-e6e2-4c87-926b-ad7a7dd0bf54\09_페인티드 로맨스 표지풍\130_0d4f3e1e-cb64-4178-8835-25eb883e2145.jpg
131_7d3f2236-08b2-48ac-ad3f-7842c8f6fbee.jpg,페인티드 로맨스 표지풍,프로필 이미지,Final,2026-04-29T09:22:56.681Z,7d3f2236-08b2-48ac-ad3f-7842c8f6fbee,43ab439f-4fda-4957-b679-5ba7499212eb,output\visual-images-classified-293079cc-e6e2-4c87-926b-ad7a7dd0bf54\09_페인티드 로맨스 표지풍\131_7d3f2236-08b2-48ac-ad3f-7842c8f6fbee.jpg
132_08e6fcb0-4cf2-4634-8dff-ac7be9944646.jpg,페인티드 로맨스 표지풍,웹소설 표지,Final,2026-04-29T09:23:40.535Z,08e6fcb0-4cf2-4634-8dff-ac7be9944646,43ab439f-4fda-4957-b679-5ba7499212eb,output\visual-images-classified-293079cc-e6e2-4c87-926b-ad7a7dd0bf54\09_페인티드 로맨스 표지풍\132_08e6fcb0-4cf2-4634-8dff-ac7be9944646.jpg
133_491e224d-789c-4a8c-8341-b85ab3700683.jpg,페인티드 로맨스 표지풍,장면 컷,Final,2026-04-29T09:24:29.546Z,491e224d-789c-4a8c-8341-b85ab3700683,43ab439f-4fda-4957-b679-5ba7499212eb,output\visual-images-classified-293079cc-e6e2-4c87-926b-ad7a7dd0bf54\09_페인티드 로맨스 표지풍\133_491e224d-789c-4a8c-8341-b85ab3700683.jpg
134_df56d1f0-e351-424c-bb8a-438e45cfedbd.jpg,페인티드 로맨스 표지풍,캐릭터 단독,Final,2026-04-29T09:42:11.268Z,df56d1f0-e351-424c-bb8a-438e45cfedbd,e2c8a7b9-41b0-478a-b487-7106cb54be8b,output\visual-images-classified-293079cc-e6e2-4c87-926b-ad7a7dd0bf54\09_페인티드 로맨스 표지풍\134_df56d1f0-e351-424c-bb8a-438e45cfedbd.jpg
135_98cd404f-dc93-4dee-b34b-087193f3dfb5.jpg,페인티드 로맨스 표지풍,전신 설정화,Final,2026-04-29T09:42:54.145Z,98cd404f-dc93-4dee-b34b-087193f3dfb5,e2c8a7b9-41b0-478a-b487-7106cb54be8b,output\visual-images-classified-293079cc-e6e2-4c87-926b-ad7a7dd0bf54\09_페인티드 로맨스 표지풍\135_98cd404f-dc93-4dee-b34b-087193f3dfb5.jpg
136_f12e1d23-b403-4baf-a17f-aeac4b619146.png,실사풍 화보,장면 컷,상세,2026-04-27T13:44:29.882Z,f12e1d23-b403-4baf-a17f-aeac4b619146,43ab439f-4fda-4957-b679-5ba7499212eb,output\visual-images-classified-293079cc-e6e2-4c87-926b-ad7a7dd0bf54\95_실사풍 화보\136_f12e1d23-b403-4baf-a17f-aeac4b619146.png
137_c005c465-6867-4aff-9c2c-9405376ce438.jpg,페인티드 로맨스 표지풍,프로필 이미지,Final,2026-04-29T09:43:49.069Z,c005c465-6867-4aff-9c2c-9405376ce438,e2c8a7b9-41b0-478a-b487-7106cb54be8b,output\visual-images-classified-293079cc-e6e2-4c87-926b-ad7a7dd0bf54\09_페인티드 로맨스 표지풍\137_c005c465-6867-4aff-9c2c-9405376ce438.jpg
138_e87f062d-0653-4435-b9f1-bc31e0ce6258.jpg,페인티드 로맨스 표지풍,웹소설 표지,Final,2026-04-29T09:44:36.571Z,e87f062d-0653-4435-b9f1-bc31e0ce6258,e2c8a7b9-41b0-478a-b487-7106cb54be8b,output\visual-images-classified-293079cc-e6e2-4c87-926b-ad7a7dd0bf54\09_페인티드 로맨스 표지풍\138_e87f062d-0653-4435-b9f1-bc31e0ce6258.jpg
139_9ac7318b-771a-4e34-bd6b-68119be7d827.jpg,페인티드 로맨스 표지풍,장면 컷,Final,2026-04-29T09:45:17.502Z,9ac7318b-771a-4e34-bd6b-68119be7d827,e2c8a7b9-41b0-478a-b487-7106cb54be8b,output\visual-images-classified-293079cc-e6e2-4c87-926b-ad7a7dd0bf54\09_페인티드 로맨스 표지풍\139_9ac7318b-771a-4e34-bd6b-68119be7d827.jpg
140_ce2bdd41-2ce6-435b-ac29-eee5877d60f6.jpg,페인티드 로맨스 표지풍,프로필 이미지,Final,2026-04-29T09:51:03.852Z,ce2bdd41-2ce6-435b-ac29-eee5877d60f6,e2c8a7b9-41b0-478a-b487-7106cb54be8b,output\visual-images-classified-293079cc-e6e2-4c87-926b-ad7a7dd0bf54\09_페인티드 로맨스 표지풍\140_ce2bdd41-2ce6-435b-ac29-eee5877d60f6.jpg
141_7f1126e8-0624-41c7-b8b6-941093c27299.jpg,페인티드 로맨스 표지풍,프로필 이미지,Final,2026-04-29T09:52:03.061Z,7f1126e8-0624-41c7-b8b6-941093c27299,e2c8a7b9-41b0-478a-b487-7106cb54be8b,output\visual-images-classified-293079cc-e6e2-4c87-926b-ad7a7dd0bf54\09_페인티드 로맨스 표지풍\141_7f1126e8-0624-41c7-b8b6-941093c27299.jpg
142_99374be1-54e3-4a8c-b97c-61bd26eb728e.jpg,페인티드 로맨스 표지풍,프로필 이미지,Final,2026-04-29T09:53:02.192Z,99374be1-54e3-4a8c-b97c-61bd26eb728e,e2c8a7b9-41b0-478a-b487-7106cb54be8b,output\visual-images-classified-293079cc-e6e2-4c87-926b-ad7a7dd0bf54\09_페인티드 로맨스 표지풍\142_99374be1-54e3-4a8c-b97c-61bd26eb728e.jpg
143_7111be12-4d40-450f-ad62-ee931dff394e.jpg,페인티드 로맨스 표지풍,프로필 이미지,Final,2026-04-29T09:53:40.919Z,7111be12-4d40-450f-ad62-ee931dff394e,339a320f-afcf-4a8b-ae14-0b7b50cfa1af,output\visual-images-classified-293079cc-e6e2-4c87-926b-ad7a7dd0bf54\09_페인티드 로맨스 표지풍\143_7111be12-4d40-450f-ad62-ee931dff394e.jpg
144_e4922785-dc1d-473e-9e47-370c7c451f0e.jpg,페인티드 로맨스 표지풍,프로필 이미지,Final,2026-04-29T09:54:22.339Z,e4922785-dc1d-473e-9e47-370c7c451f0e,339a320f-afcf-4a8b-ae14-0b7b50cfa1af,output\visual-images-classified-293079cc-e6e2-4c87-926b-ad7a7dd0bf54\09_페인티드 로맨스 표지풍\144_e4922785-dc1d-473e-9e47-370c7c451f0e.jpg
145_cb3956b7-ea02-4bcc-96be-fc2bcb0ba38c.jpg,페인티드 로맨스 표지풍,프로필 이미지,Final,2026-04-29T09:54:54.709Z,cb3956b7-ea02-4bcc-96be-fc2bcb0ba38c,339a320f-afcf-4a8b-ae14-0b7b50cfa1af,output\visual-images-classified-293079cc-e6e2-4c87-926b-ad7a7dd0bf54\09_페인티드 로맨스 표지풍\145_cb3956b7-ea02-4bcc-96be-fc2bcb0ba38c.jpg
146_f1e7d7d3-3ead-4660-84a7-eeefd5b59045.jpg,페인티드 로맨스 표지풍,프로필 이미지,Final,2026-04-29T09:55:44.446Z,f1e7d7d3-3ead-4660-84a7-eeefd5b59045,339a320f-afcf-4a8b-ae14-0b7b50cfa1af,output\visual-images-classified-293079cc-e6e2-4c87-926b-ad7a7dd0bf54\09_페인티드 로맨스 표지풍\146_f1e7d7d3-3ead-4660-84a7-eeefd5b59045.jpg
147_79927943-c4c6-455d-a592-2a3bc1548fc3.jpg,페인티드 로맨스 표지풍,프로필 이미지,Final,2026-04-29T09:56:28.322Z,79927943-c4c6-455d-a592-2a3bc1548fc3,339a320f-afcf-4a8b-ae14-0b7b50cfa1af,output\visual-images-classified-293079cc-e6e2-4c87-926b-ad7a7dd0bf54\09_페인티드 로맨스 표지풍\147_79927943-c4c6-455d-a592-2a3bc1548fc3.jpg
148_0206d446-9822-4e36-9fda-b8b721de59c9.jpg,페인티드 로맨스 표지풍,프로필 이미지,Final,2026-04-29T09:57:15.449Z,0206d446-9822-4e36-9fda-b8b721de59c9,339a320f-afcf-4a8b-ae14-0b7b50cfa1af,output\visual-images-classified-293079cc-e6e2-4c87-926b-ad7a7dd0bf54\09_페인티드 로맨스 표지풍\148_0206d446-9822-4e36-9fda-b8b721de59c9.jpg
149_840aa4d7-2b24-40e4-9512-c036fcab1d5d.jpg,페인티드 로맨스 표지풍,프로필 이미지,Final,2026-04-29T09:57:46.778Z,840aa4d7-2b24-40e4-9512-c036fcab1d5d,339a320f-afcf-4a8b-ae14-0b7b50cfa1af,output\visual-images-classified-293079cc-e6e2-4c87-926b-ad7a7dd0bf54\09_페인티드 로맨스 표지풍\149_840aa4d7-2b24-40e4-9512-c036fcab1d5d.jpg
150_22928550-1c7f-498d-9ab3-5252c1d3580a.jpg,클린 반실사 페인티드풍,프로필 이미지,Final,2026-04-29T09:59:27.017Z,22928550-1c7f-498d-9ab3-5252c1d3580a,339a320f-afcf-4a8b-ae14-0b7b50cfa1af,output\visual-images-classified-293079cc-e6e2-4c87-926b-ad7a7dd0bf54\08_클린 반실사 페인티드풍\150_22928550-1c7f-498d-9ab3-5252c1d3580a.jpg
151_ebb64be9-a1b6-4976-881d-3764133daacc.jpg,클린 반실사 페인티드풍,프로필 이미지,Final,2026-04-29T10:01:20.108Z,ebb64be9-a1b6-4976-881d-3764133daacc,339a320f-afcf-4a8b-ae14-0b7b50cfa1af,output\visual-images-classified-293079cc-e6e2-4c87-926b-ad7a7dd0bf54\08_클린 반실사 페인티드풍\151_ebb64be9-a1b6-4976-881d-3764133daacc.jpg
152_0edfd244-01e7-40e4-abb6-a8bad55477b0.jpg,클린 반실사 페인티드풍,프로필 이미지,Final,2026-04-29T10:02:14.972Z,0edfd244-01e7-40e4-abb6-a8bad55477b0,339a320f-afcf-4a8b-ae14-0b7b50cfa1af,output\visual-images-classified-293079cc-e6e2-4c87-926b-ad7a7dd0bf54\08_클린 반실사 페인티드풍\152_0edfd244-01e7-40e4-abb6-a8bad55477b0.jpg
153_88d1a170-9954-4664-9d6d-7c61cbd1100d.png,반실사 로맨스 표지풍,장면 컷,보통,2026-04-27T14:01:06.362Z,88d1a170-9954-4664-9d6d-7c61cbd1100d,43ab439f-4fda-4957-b679-5ba7499212eb,output\visual-images-classified-293079cc-e6e2-4c87-926b-ad7a7dd0bf54\06_반실사 로맨스 표지풍\153_88d1a170-9954-4664-9d6d-7c61cbd1100d.png
154_12cd68bd-0d31-4c4f-b6a2-7ea3f7fac023.jpg,클린 반실사 페인티드풍,프로필 이미지,Final,2026-04-29T10:02:53.076Z,12cd68bd-0d31-4c4f-b6a2-7ea3f7fac023,339a320f-afcf-4a8b-ae14-0b7b50cfa1af,output\visual-images-classified-293079cc-e6e2-4c87-926b-ad7a7dd0bf54\08_클린 반실사 페인티드풍\154_12cd68bd-0d31-4c4f-b6a2-7ea3f7fac023.jpg
155_f22e22b8-8280-4388-ae56-ff74c8172057.jpg,클린 반실사 페인티드풍,프로필 이미지,Final,2026-04-29T10:03:44.415Z,f22e22b8-8280-4388-ae56-ff74c8172057,339a320f-afcf-4a8b-ae14-0b7b50cfa1af,output\visual-images-classified-293079cc-e6e2-4c87-926b-ad7a7dd0bf54\08_클린 반실사 페인티드풍\155_f22e22b8-8280-4388-ae56-ff74c8172057.jpg
156_a65a5e84-02fe-415e-b287-08a812241966.jpg,클린 반실사 페인티드풍,프로필 이미지,Final,2026-04-29T10:11:23.797Z,a65a5e84-02fe-415e-b287-08a812241966,339a320f-afcf-4a8b-ae14-0b7b50cfa1af,output\visual-images-classified-293079cc-e6e2-4c87-926b-ad7a7dd0bf54\08_클린 반실사 페인티드풍\156_a65a5e84-02fe-415e-b287-08a812241966.jpg
157_53b3e4e9-d5b5-4ce6-a22b-951363b5641e.jpg,프리미엄 반실사 표지풍,캐릭터 단독,Final,2026-04-29T13:39:34.237Z,53b3e4e9-d5b5-4ce6-a22b-951363b5641e,339a320f-afcf-4a8b-ae14-0b7b50cfa1af,output\visual-images-classified-293079cc-e6e2-4c87-926b-ad7a7dd0bf54\07_프리미엄 반실사 표지풍\157_53b3e4e9-d5b5-4ce6-a22b-951363b5641e.jpg
158_1585784e-db4c-454e-843b-fef6e939197b.jpg,프리미엄 반실사 표지풍,전신 설정화,Final,2026-04-29T13:40:32.789Z,1585784e-db4c-454e-843b-fef6e939197b,339a320f-afcf-4a8b-ae14-0b7b50cfa1af,output\visual-images-classified-293079cc-e6e2-4c87-926b-ad7a7dd0bf54\07_프리미엄 반실사 표지풍\158_1585784e-db4c-454e-843b-fef6e939197b.jpg
159_e89892d0-307f-43a5-a0e4-36bc58f1ea34.jpg,프리미엄 반실사 표지풍,프로필 이미지,Final,2026-04-29T13:41:44.584Z,e89892d0-307f-43a5-a0e4-36bc58f1ea34,339a320f-afcf-4a8b-ae14-0b7b50cfa1af,output\visual-images-classified-293079cc-e6e2-4c87-926b-ad7a7dd0bf54\07_프리미엄 반실사 표지풍\159_e89892d0-307f-43a5-a0e4-36bc58f1ea34.jpg
160_d2e6174d-f94c-4af5-82cc-b1f460dceea6.jpg,프리미엄 반실사 표지풍,웹소설 표지,Final,2026-04-29T13:42:30.523Z,d2e6174d-f94c-4af5-82cc-b1f460dceea6,339a320f-afcf-4a8b-ae14-0b7b50cfa1af,output\visual-images-classified-293079cc-e6e2-4c87-926b-ad7a7dd0bf54\07_프리미엄 반실사 표지풍\160_d2e6174d-f94c-4af5-82cc-b1f460dceea6.jpg
161_c7d05d77-202a-49f3-95c7-831bd7bdcd67.jpg,프리미엄 반실사 표지풍,장면 컷,Final,2026-04-29T13:43:26.267Z,c7d05d77-202a-49f3-95c7-831bd7bdcd67,339a320f-afcf-4a8b-ae14-0b7b50cfa1af,output\visual-images-classified-293079cc-e6e2-4c87-926b-ad7a7dd0bf54\07_프리미엄 반실사 표지풍\161_c7d05d77-202a-49f3-95c7-831bd7bdcd67.jpg
162_0e13c4f3-eee8-40ef-84f7-3e50ffa24a82.jpg,반실사 로맨스 표지풍,캐릭터 단독,Final,2026-04-29T14:18:29.702Z,0e13c4f3-eee8-40ef-84f7-3e50ffa24a82,339a320f-afcf-4a8b-ae14-0b7b50cfa1af,output\visual-images-classified-293079cc-e6e2-4c87-926b-ad7a7dd0bf54\06_반실사 로맨스 표지풍\162_0e13c4f3-eee8-40ef-84f7-3e50ffa24a82.jpg
163_112ca2f7-96c8-4170-999b-6bdb7bdb3e76.jpg,반실사 로맨스 표지풍,전신 설정화,Final,2026-04-29T14:19:27.899Z,112ca2f7-96c8-4170-999b-6bdb7bdb3e76,339a320f-afcf-4a8b-ae14-0b7b50cfa1af,output\visual-images-classified-293079cc-e6e2-4c87-926b-ad7a7dd0bf54\06_반실사 로맨스 표지풍\163_112ca2f7-96c8-4170-999b-6bdb7bdb3e76.jpg
164_a1a7cbd4-b12b-4033-be44-3fb8e85b41e0.jpg,반실사 로맨스 표지풍,프로필 이미지,Final,2026-04-29T14:20:23.095Z,a1a7cbd4-b12b-4033-be44-3fb8e85b41e0,339a320f-afcf-4a8b-ae14-0b7b50cfa1af,output\visual-images-classified-293079cc-e6e2-4c87-926b-ad7a7dd0bf54\06_반실사 로맨스 표지풍\164_a1a7cbd4-b12b-4033-be44-3fb8e85b41e0.jpg
165_b03cb027-e3e2-486f-b7b8-8fd8b6f445c3.jpg,반실사 로맨스 표지풍,웹소설 표지,Final,2026-04-29T14:21:19.018Z,b03cb027-e3e2-486f-b7b8-8fd8b6f445c3,339a320f-afcf-4a8b-ae14-0b7b50cfa1af,output\visual-images-classified-293079cc-e6e2-4c87-926b-ad7a7dd0bf54\06_반실사 로맨스 표지풍\165_b03cb027-e3e2-486f-b7b8-8fd8b6f445c3.jpg
166_2dc4f1b8-255b-4c46-b290-adc6e704805c.jpg,반실사 로맨스 표지풍,장면 컷,Final,2026-04-29T14:22:13.571Z,2dc4f1b8-255b-4c46-b290-adc6e704805c,339a320f-afcf-4a8b-ae14-0b7b50cfa1af,output\visual-images-classified-293079cc-e6e2-4c87-926b-ad7a7dd0bf54\06_반실사 로맨스 표지풍\166_2dc4f1b8-255b-4c46-b290-adc6e704805c.jpg
167_9a03e35a-48d7-43ad-8d9e-d6e6e112e655.png,반실사 로맨스 표지풍,웹소설 표지,상세,2026-04-27T14:12:37.153Z,9a03e35a-48d7-43ad-8d9e-d6e6e112e655,e2c8a7b9-41b0-478a-b487-7106cb54be8b,output\visual-images-classified-293079cc-e6e2-4c87-926b-ad7a7dd0bf54\06_반실사 로맨스 표지풍\167_9a03e35a-48d7-43ad-8d9e-d6e6e112e655.png
168_b0950f0a-cab3-4e4d-8da1-5d6258a3e47d.png,반실사 로맨스 표지풍,장면 컷,GPT,2026-04-27T16:00:46.547Z,b0950f0a-cab3-4e4d-8da1-5d6258a3e47d,e2c8a7b9-41b0-478a-b487-7106cb54be8b,output\visual-images-classified-293079cc-e6e2-4c87-926b-ad7a7dd0bf54\06_반실사 로맨스 표지풍\168_b0950f0a-cab3-4e4d-8da1-5d6258a3e47d.png
169_2e20e64e-42a1-4616-9abb-1a78c8cb9dda.png,페인티드 로맨스 표지풍,장면 컷,상세,2026-04-27T16:01:19.712Z,2e20e64e-42a1-4616-9abb-1a78c8cb9dda,e2c8a7b9-41b0-478a-b487-7106cb54be8b,output\visual-images-classified-293079cc-e6e2-4c87-926b-ad7a7dd0bf54\09_페인티드 로맨스 표지풍\169_2e20e64e-42a1-4616-9abb-1a78c8cb9dda.png
